feature,n,papers,OOF_BA,sensitivity,specificity,analysis
flash_dose_per_pulse_Gy,202,35,0.6650570676031606,0.9477611940298507,0.38235294117647056,DPP_primary_all_evaluable_electron
flash_dose_per_pulse_Gy,193,34,0.6235770301037187,0.5522388059701493,0.6949152542372882,DPP_sensitivity_ge_0p1
flash_dose_per_pulse_Gy,171,31,0.671078431372549,0.95,0.39215686274509803,DPP_sensitivity_single_fraction
flash_avg_dose_rate_Gy_s,322,66,0.5648376852505292,0.8027522935779816,0.3269230769230769,AvgDR_all_modalities
flash_avg_dose_rate_Gy_s,216,37,0.50028549676437,0.5140845070422535,0.4864864864864865,AvgDR_electron
dose_per_fraction_Gy,308,60,0.5033314296592424,0.32038834951456313,0.6862745098039216,Dose_per_fraction_all
flash_prf_Hz,202,35,0.46828358208955223,0.1865671641791045,0.75,PRF_electron
flash_pulse_width_us,175,30,0.5885102099511073,0.32456140350877194,0.8524590163934426,Pulse_width_electron
flash_num_pulses,191,32,0.6173735119047619,0.7109375,0.5238095238095238,Pulse_count_electron
flash_inst_dose_rate_Gy_s,166,29,0.5,0.0,1.0,InstDR_electron
flash_irradiation_time_s,207,34,0.5314814814814814,0.45185185185185184,0.6111111111111112,Irradiation_time_electron
