question,feature_set,model,validation,n,papers,balanced_accuracy,sensitivity,specificity,roc_auc,average_precision,brier,BA_low,BA_high,AUC_low,AUC_high,Brier_low,Brier_high
electron_predictability,conventional,RF,arm_5fold,216,37,0.6664446136277122,0.7112676056338029,0.6216216216216216,0.7305862200228399,0.8382383228419994,0.20152859266218726,,,,,,
electron_predictability,conventional,RF,LOPO,216,37,0.5633802816901409,0.6267605633802817,0.5,0.5334031214312905,0.70572058176601,0.2662034753271374,0.4770686871664846,0.6622795037397397,0.42234548161719065,0.6702486751043358,0.2237691639904249,0.3013079084485419
electron_predictability,pulse_temporal,RF,arm_5fold,216,37,0.7113627712219261,0.7605633802816901,0.6621621621621622,0.8104301484583175,0.8886047315630519,0.16619358078575866,,,,,,
electron_predictability,pulse_temporal,RF,LOPO,216,37,0.5602398172820708,0.47183098591549294,0.6486486486486487,0.6269984773505901,0.7271476690459915,0.23819795257050563,0.4550756679696209,0.7041504475057105,0.4816069364737765,0.7950167989390863,0.19738435937862658,0.27030299489891224
electron_predictability,physical,LR,arm_5fold,216,37,0.6671107727445755,0.5774647887323944,0.7567567567567568,0.7817377236391321,0.8625345918342503,0.19137545848032356,,,,,,
electron_predictability,physical,LR,LOPO,216,37,0.5538637228778074,0.323943661971831,0.7837837837837838,0.5364008374571755,0.7275182310812778,0.3559904316256606,0.45741883408956213,0.6689138628820435,0.32050704832628685,0.7854470827152349,0.20281100957480963,0.5472197566540358
electron_predictability,physical_plus_site,LR,arm_5fold,216,37,0.6679672630376856,0.6197183098591549,0.7162162162162162,0.7765036162923488,0.8636217819909306,0.1914901186054223,,,,,,
electron_predictability,physical_plus_site,LR,LOPO,216,37,0.5614769699276742,0.36619718309859156,0.7567567567567568,0.5208888465930719,0.7221088155208226,0.3581219731950519,0.4583285003608619,0.6878601688213951,0.3145040566659209,0.7659214088722965,0.20445389345775827,0.5491714836354694
electron_predictability,physical_plus_fractionation,LR,arm_5fold,216,37,0.6820517700799391,0.647887323943662,0.7162162162162162,0.7890654739246289,0.8642841175566329,0.1858073466062782,,,,,,
electron_predictability,physical_plus_fractionation,LR,LOPO,216,37,0.5473924628854206,0.3380281690140845,0.7567567567567568,0.5312143129044536,0.7159787329551064,0.358120754537623,0.44356919692968866,0.678365521015425,0.31739957579559885,0.7831951045135502,0.20750836617371993,0.5484812801504421
electron_predictability,physical_plus_site_fractionation,LR,arm_5fold,216,37,0.6788161400837458,0.6549295774647887,0.7027027027027027,0.7908736200989722,0.8688479361802254,0.18548262993574222,,,,,,
electron_predictability,physical_plus_site_fractionation,LR,LOPO,216,37,0.5306433193757137,0.34507042253521125,0.7162162162162162,0.5086600685192234,0.7127941858965458,0.36033810653332954,0.4383939082897456,0.652935093810916,0.31000292789230227,0.754846352053238,0.20719586462446218,0.5487038098847629
proton_predictability,shared_physical,LR,arm_5fold,80,19,0.42398119122257055,0.6206896551724138,0.22727272727272727,0.4075235109717868,0.6656760449533055,0.2771638848674261,,,,,,
proton_predictability,shared_physical,LR,LOPO,80,19,0.3550156739811912,0.4827586206896552,0.22727272727272727,0.33738244514106586,0.6689094178415268,0.2815426955763059,0.1999908424908425,0.5038329081632653,0.1205303724053724,0.5144648910830416,0.2650848981436993,0.30643979625751094
proton_predictability,shared_physical_RF,RF,arm_5fold,80,19,0.5642633228840125,0.8103448275862069,0.3181818181818182,0.6786833855799372,0.8656281511350877,0.19454788624981148,,,,,,
proton_predictability,shared_physical_RF,RF,LOPO,80,19,0.49608150470219436,0.8103448275862069,0.18181818181818182,0.44239811912225707,0.6864334949794446,0.24501844739782977,0.395703125,0.6318400349650348,0.2668098152674866,0.7046177536231885,0.17747647556930662,0.33713152467008467
