threshold,direction,balanced_accuracy,sensitivity,specificity,n,papers,YES,NO,feature,analysis
1.0,high,0.6650570676031606,0.9477611940298507,0.38235294117647056,202,35,134,68,flash_dose_per_pulse_Gy,DPP_primary_all_evaluable_electron
3.7,high,0.626549456109284,0.3208955223880597,0.9322033898305084,193,34,134,59,flash_dose_per_pulse_Gy,DPP_sensitivity_ge_0p1
0.79,high,0.683578431372549,0.975,0.39215686274509803,171,31,120,51,flash_dose_per_pulse_Gy,DPP_sensitivity_single_fraction
47.62,high,0.5916990119971771,0.8853211009174312,0.2980769230769231,322,66,218,104,flash_avg_dose_rate_Gy_s,AvgDR_all_modalities
164.0,high,0.6062047963456414,0.7394366197183099,0.47297297297297297,216,37,142,74,flash_avg_dose_rate_Gy_s,AvgDR_electron
28.0,high,0.5797639444127165,0.22815533980582525,0.9313725490196079,308,60,206,102,dose_per_fraction_Gy,Dose_per_fraction_all
75.0,low,0.5795654082528534,0.3208955223880597,0.8382352941176471,202,35,134,68,flash_prf_Hz,PRF_electron
3.8,high,0.6571757262007478,0.543859649122807,0.7704918032786885,175,30,114,61,flash_pulse_width_us,Pulse_width_electron
9.0,low,0.6411830357142857,0.7109375,0.5714285714285714,191,32,128,63,flash_num_pulses,Pulse_count_electron
1786.0,low,0.6388218252052149,0.3302752293577982,0.9473684210526315,166,29,109,57,flash_inst_dose_rate_Gy_s,InstDR_electron
0.072,low,0.6481481481481481,0.5185185185185185,0.7777777777777778,207,34,135,72,flash_irradiation_time_s,Irradiation_time_electron
